<?xml version="1.0" encoding="UTF-8"?>
<!--
Click nbfs://nbhost/SystemFileSystem/Templates/Licenses/license-default.txt to change this license
Click nbfs://nbhost/SystemFileSystem/Templates/XML/XMLDocument.xml to edit this template
-->

<Users>
  <User>
    <id>1</id>
    <firstName>Ramesh</firstName>
    <lastName>Fadatare</lastName>
    <age>28</age>
    <gender>Male</gender>
  </User>
  <User>
    <id>2</id>
    <firstName>John</firstName>
    <lastName>Cena</lastName>
    <age>45</age>
    <gender>Male</gender>
  </User>
  <User>
    <id>3</id>
    <firstName>Tom</firstName>
    <lastName>Cruise</lastName>
    <age>40</age>
    <gender>Male</gender>
  </User>
</Users>

